{
"Changes": [
	{
   
   "Action": "EditData",
   "Target": "Characters/Dialogue/Belinda",
   "Entries": {

   	"spring": "{{i18n:Belinda.Dialogue.random.{{Random: 1, 2, 3, 4, 5, 6, 7, 8, 9, 10, 11, 12, 13, 14, 15, 16, 17, 18, 19, 20}}}}",
	"spring_12": "{{i18n:Belinda.Dialogue.spring_12}}",
	"spring_23": "{{i18n:Belinda.Dialogue.spring_23}}",
	"summer_10": "{{i18n:Belinda.Dialogue.summer_10}}",
	"summer_27": "{{i18n:Belinda.Dialogue.summer_27}}",
	"fall_15": "{{i18n:Belinda.Dialogue.fall_15}}",
	"fall_19": "{{i18n:Belinda.Dialogue.fall_19}}",
	"fall_26": "{{i18n:Belinda.Dialogue.fall_26}}",
	"winter_7": "{{i18n:Belinda.Dialogue.winter_7}}",
	"winter_24": "{{i18n:Belinda.Dialogue.winter_24}}",
	"winter_27": "{{i18n:Belinda.Dialogue.winter_27}}",
		},
	},
]
}
