{
"Changes": [
	
//------------------------
// G I F T S              
//------------------------

	{
		"LogName": "Gift tastes",
		"Action": "EditData",
		"Target": "Data/NPCGiftTastes",
		"Entries": {
		
			"Aguar": "{{i18n:Gift.Love.Aguar}}/62 225 107 118/{{i18n:Gift.Like.Aguar}}/768 769 130 258/{{i18n:Gift.Dislike.Aguar}}/266/{{i18n:Gift.Hate.Aguar}}/82/{{i18n:Gift.Neutral.Aguar}}/-4/ ",

			"Alissa": "{{i18n:Gift.Love.Alissa}}/211 276 60 398/{{i18n:Gift.Like.Alissa}}/22 68 400 613/{{i18n:Gift.Dislike.Alissa}}//{{i18n:Gift.Hate.Alissa}}//{{i18n:Gift.Neutral.Alissa}}/-4/ ",

			"Bert": "{{i18n:Gift.Love.Bert}}/207 336 72 645/{{i18n:Gift.Like.Bert}}/86 284 270 280/{{i18n:Gift.Dislike.Bert}}//{{i18n:Gift.Hate.Bert}}//{{i18n:Gift.Neutral.Bert}}/-4/ ",
			
			"Corine": "{{i18n:Gift.Love.Corine}}/591 227 196 340/{{i18n:Gift.Like.Corine}}/280 398 638 254/{{i18n:Gift.Dislike.Corine}}//{{i18n:Gift.Hate.Corine}}//{{i18n:Gift.Neutral.Corine}}/-4/ ",
			
			"Ezekiel": "{{i18n:Gift.Love.Ezekiel}}/198 386 190 129/{{i18n:Gift.Like.Ezekiel}}/78 403 24 192/{{i18n:Gift.Dislike.Ezekiel}}//{{i18n:Gift.Hate.Ezekiel}}//{{i18n:Gift.Neutral.Ezekiel}}/-4/ ",
				
			"Flor": "{{i18n:Gift.Love.Flor}}/253 64 268 233/{{i18n:Gift.Like.Flor}}/260 412 22 418/{{i18n:Gift.Dislike.Flor}}//{{i18n:Gift.Hate.Flor}}//{{i18n:Gift.Neutral.Flor}}/-4/ ",
			
			"Freddie": "{{i18n:Gift.Love.Freddie}}/236 278 86 20/{{i18n:Gift.Like.Freddie}}/380 396 348 252/{{i18n:Gift.Dislike.Freddie}}//{{i18n:Gift.Hate.Freddie}}//{{i18n:Gift.Neutral.Freddie}}/-4/ ",
			
			"Ian": "{{i18n:Gift.Love.Ian}}/233 213 272 400/{{i18n:Gift.Like.Ian}}/403 24 812 397/{{i18n:Gift.Dislike.Ian}}//{{i18n:Gift.Hate.Ian}}//{{i18n:Gift.Neutral.Ian}}/-4/ ",
			
			"Jeric": "{{i18n:Gift.Love.Jeric}}/637 224 444 597/{{i18n:Gift.Like.Jeric}}/20 335 266 408/{{i18n:Gift.Dislike.Jeric}}//{{i18n:Gift.Hate.Jeric}}//{{i18n:Gift.Neutral.Jeric}}/-4/ ",
			
			"Jio": "{{i18n:Gift.Love.Jio}}/604/{{i18n:Gift.Like.Jio}}/406/{{i18n:Gift.Dislike.Jio}}//{{i18n:Gift.Hate.Jio}}//{{i18n:Gift.Neutral.Jio}}/-4/ ",
			
			"Keahi": "{{i18n:Gift.Love.Keahi}}/223 224 372 282/{{i18n:Gift.Like.Keahi}}/396 404 567 430/{{i18n:Gift.Dislike.Keahi}}//{{i18n:Gift.Hate.Keahi}}//{{i18n:Gift.Neutral.Keahi}}/-4/ ",
			
			"Kenneth": "{{i18n:Gift.Love.Kenneth}}/206 400 338 576/{{i18n:Gift.Like.Kenneth}}/90 184 395 538/{{i18n:Gift.Dislike.Kenneth}}//{{i18n:Gift.Hate.Kenneth}}//{{i18n:Gift.Neutral.Kenneth}}/-4/ ",
			
			"Kiwi": "{{i18n:Gift.Love.Kiwi}}/268/{{i18n:Gift.Like.Kiwi}}/-4/{{i18n:Gift.Dislike.Kiwi}}//{{i18n:Gift.Hate.Kiwi}}//{{i18n:Gift.Neutral.Kiwi}}// ",
			
			"Lenny": "{{i18n:Gift.Love.Lenny}}/235 260 416 573/{{i18n:Gift.Like.Lenny}}/400 376 264 196/{{i18n:Gift.Dislike.Lenny}}//{{i18n:Gift.Hate.Lenny}}//{{i18n:Gift.Neutral.Lenny}}/-4/ ",
			
			"Lola": "{{i18n:Gift.Love.Lola}}/230 64 241 306/{{i18n:Gift.Like.Lola}}/769 107 454 575/{{i18n:Gift.Dislike.Lola}}//{{i18n:Gift.Hate.Lola}}//{{i18n:Gift.Neutral.Lola}}/-4/ ",
			
			"Maddie": "{{i18n:Gift.Love.Maddie}}/196 611 393 586/{{i18n:Gift.Like.Maddie}}/82 418 283 284/{{i18n:Gift.Dislike.Maddie}}//{{i18n:Gift.Hate.Maddie}}//{{i18n:Gift.Neutral.Maddie}}/-4/ ",
			
			"Olga": "{{i18n:Gift.Love.Olga}}/212 348 376 188/{{i18n:Gift.Like.Olga}}/184 22 281 402/{{i18n:Gift.Dislike.Olga}}//{{i18n:Gift.Hate.Olga}}//{{i18n:Gift.Neutral.Olga}}/-4/ ",
			
			"Philip": "{{i18n:Gift.Love.Philip}}/219 86 264 591/{{i18n:Gift.Like.Philip}}/80 223 350 157/{{i18n:Gift.Dislike.Philip}}//{{i18n:Gift.Hate.Philip}}//{{i18n:Gift.Neutral.Philip}}/-4/ ",
			
			"Pika": "{{i18n:Gift.Love.Pika}}/733 60 342 350/{{i18n:Gift.Like.Pika}}/157 346 419 246/{{i18n:Gift.Dislike.Pika}}//{{i18n:Gift.Hate.Pika}}//{{i18n:Gift.Neutral.Pika}}/-4/ ",
			
			"Richard": "{{i18n:Gift.Love.Richard}}/72 218 348 604/{{i18n:Gift.Like.Richard}}/386 86 552 303/{{i18n:Gift.Dislike.Richard}}//{{i18n:Gift.Hate.Richard}}//{{i18n:Gift.Neutral.Richard}}/-4/ ",
			
			"Shiro": "{{i18n:Gift.Love.Shiro}}/414 241 610 420/{{i18n:Gift.Like.Shiro}}/424 190 399 304/{{i18n:Gift.Dislike.Shiro}}//{{i18n:Gift.Hate.Shiro}}//{{i18n:Gift.Neutral.Shiro}}/-4/ ",
			
			"Trinnie": "{{i18n:Gift.Love.Trinnie}}/233 797 211 221/{{i18n:Gift.Like.Trinnie}}/591 22 428 400/{{i18n:Gift.Dislike.Trinnie}}//{{i18n:Gift.Hate.Trinnie}}//{{i18n:Gift.Neutral.Trinnie}}/-4/ ",
			
			"Ysabelle": "{{i18n:Gift.Love.Ysabelle}}/72 228 268 636/{{i18n:Gift.Like.Ysabelle}}/348 340 421 258/{{i18n:Gift.Dislike.Ysabelle}}//{{i18n:Gift.Hate.Ysabelle}}//{{i18n:Gift.Neutral.Ysabelle}}/-4/ ",
		
			"Yuuma": "{{i18n:Gift.Love.Yuuma}}/194 613 398 216/{{i18n:Gift.Like.Yuuma}}/167 176 92 311/{{i18n:Gift.Dislike.Yuuma}}//{{i18n:Gift.Hate.Yuuma}}//{{i18n:Gift.Neutral.Yuuma}}/-4/ ",

			//1.3

			"Undreya": "{{i18n:Gift.Love.Undreya}}/194 613 398 216/{{i18n:Gift.Like.Undreya}}/167 176 92 311/{{i18n:Gift.Dislike.Undreya}}//{{i18n:Gift.Hate.Undreya}}//{{i18n:Gift.Neutral.Undreya}}/-4/ ",

			"Daia": "{{i18n:Gift.Love.Daia}}/194 613 398 216/{{i18n:Gift.Like.Daia}}/167 176 92 311/{{i18n:Gift.Dislike.Daia}}//{{i18n:Gift.Hate.Daia}}//{{i18n:Gift.Neutral.Daia}}/-4/ ",

			"Bliss": "{{i18n:Gift.Love.Bliss}}/194 613 398 216/{{i18n:Gift.Like.Bliss}}/167 176 92 311/{{i18n:Gift.Dislike.Bliss}}//{{i18n:Gift.Hate.Bliss}}//{{i18n:Gift.Neutral.Bliss}}/-4/ ",

			"Acorn": "{{i18n:Gift.Love.Acorn}}/194 613 398 216/{{i18n:Gift.Like.Acorn}}/167 176 92 311/{{i18n:Gift.Dislike.Acorn}}//{{i18n:Gift.Hate.Acorn}}//{{i18n:Gift.Neutral.Acorn}}/-4/ ",

			"Naomi": "{{i18n:Gift.Love.Naomi}}/194 613 398 216/{{i18n:Gift.Like.Naomi}}/167 176 92 311/{{i18n:Gift.Dislike.Naomi}}//{{i18n:Gift.Hate.Naomi}}//{{i18n:Gift.Neutral.Naomi}}/-4/ ",

			"Malaya": "{{i18n:Gift.Love.Malaya}}/194 613 398 216/{{i18n:Gift.Like.Malaya}}/167 176 92 311/{{i18n:Gift.Dislike.Malaya}}//{{i18n:Gift.Hate.Malaya}}//{{i18n:Gift.Neutral.Malaya}}/-4/ ",

			"Kimpoi": "{{i18n:Gift.Love.Kimpoi}}/194 613 398 216/{{i18n:Gift.Like.Kimpoi}}/167 176 92 311/{{i18n:Gift.Dislike.Kimpoi}}//{{i18n:Gift.Hate.Kimpoi}}//{{i18n:Gift.Neutral.Kimpoi}}/-4/ ",

		},
	},

]
}
