{
"Changes": [
	{
   
   "Action": "EditData",
   "Target": "Characters/Dialogue/MarriageDialogueJio",
   "Entries": {
///Spring
	"spring_1": "{{i18n:Jio.MarriageDialogue.spring_1}}",
	"spring_12": "{{i18n:Jio.MarriageDialogue.spring_12}}",
	"spring_23": "{{i18n:Jio.MarriageDialogue.spring_23}}",

///Summer
	"summer_1": "{{i18n:Jio.MarriageDialogue.summer_1}}",
	"summer_10": "{{i18n:Jio.MarriageDialogue.summer_10}}",
	"summer_27": "{{i18n:Jio.MarriageDialogue.summer_27}}",

///Fall
	"fall_1": "{{i18n:Jio.MarriageDialogue.fall_1}}",
	"fall_15": "{{i18n:Jio.MarriageDialogue.fall_15}}",
	"fall_26": "{{i18n:Jio.MarriageDialogue.fall_26}}",

///Winter
	"winter_1": "{{i18n:Jio.MarriageDialogue.winter_1}}",
	"winter_7": "{{i18n:Jio.MarriageDialogue.winter_7}}",
	"winter_14": "{{i18n:Jio.MarriageDialogue.winter_14}}",
	//"winter_15": "{{i18n:Jio.MarriageDialogue.winter_15}}",
	//"winter_16": "{{i18n:Jio.MarriageDialogue.winter_16}}",
	"BeachNightMarket": "{{i18n:Jio.MarriageDialogue.winter_17}}",
	"winter_24": "{{i18n:Jio.MarriageDialogue.winter_24}}",

///Room
	"spouseRoom_Jio": "{{i18n:Jio.MarriageDialogue.spouseRoom_Jio}}",

///Patio
	"patio_Jio": "{{i18n:Jio.MarriageDialogue.patio_Jio}}",

///Rainy Day 
	"Rainy_Day_0": "{{i18n:Jio.MarriageDialogue.Rainy_Day_0}}",
	"Rainy_Day_1": "{{i18n:Jio.MarriageDialogue.Rainy_Day_1}}",
	"Rainy_Day_2": "{{i18n:Jio.MarriageDialogue.Rainy_Day_2}}",
	"Rainy_Day_3": "{{i18n:Jio.MarriageDialogue.Rainy_Day_3}}",
	"Rainy_Day_4": "{{i18n:Jio.MarriageDialogue.Rainy_Day_4}}",
	"Rainy_Day_Jio": "{{i18n:Jio.MarriageDialogue.Rainy_Day_Jio}}",

///Rainy Night
	"Rainy_Night_0": "{{i18n:Jio.MarriageDialogue.Rainy_Night_0}}",
	"Rainy_Night_1": "{{i18n:Jio.MarriageDialogue.Rainy_Night_1}}",
	"Rainy_Night_2": "{{i18n:Jio.MarriageDialogue.Rainy_Night_2}}",
	"Rainy_Night_3": "{{i18n:Jio.MarriageDialogue.Rainy_Night_3}}",
	"Rainy_Night_4": "{{i18n:Jio.MarriageDialogue.Rainy_Night_4}}",
	"Rainy_Night_5": "{{i18n:Jio.MarriageDialogue.Rainy_Night_5}}",
	"Rainy_Night_Jio": "{{i18n:Jio.MarriageDialogue.Rainy_Night_Jio}}",

///Indoor Day
	"Indoor_Day_0": "{{i18n:Jio.MarriageDialogue.Indoor_Day_0}}",
	"Indoor_Day_1": "{{i18n:Jio.MarriageDialogue.Indoor_Day_1}}",
	"Indoor_Day_2": "{{i18n:Jio.MarriageDialogue.Indoor_Day_2}}",
	"Indoor_Day_3": "{{i18n:Jio.MarriageDialogue.Indoor_Day_3}}",
	"Indoor_Day_4": "{{i18n:Jio.MarriageDialogue.Indoor_Day_4}}",
	"Indoor_Day_Jio": "{{i18n:Jio.MarriageDialogue.Indoor_Day_Jio}}",

//Indoor Night
	"Indoor_Night_0": "{{i18n:Jio.MarriageDialogue.Indoor_Night_0}}",
	"Indoor_Night_1": "{{i18n:Jio.MarriageDialogue.Indoor_Night_1}}",
	"Indoor_Night_2": "{{i18n:Jio.MarriageDialogue.Indoor_Night_2}}",
	"Indoor_Night_3": "{{i18n:Jio.MarriageDialogue.Indoor_Night_3}}",
	"Indoor_Night_4": "{{i18n:Jio.MarriageDialogue.Indoor_Night_4}}",
	"Indoor_Night_Jio": "{{i18n:Jio.MarriageDialogue.Indoor_Night_Jio}}",

///Outdoors
	"Outdoor_0": "{{i18n:Jio.MarriageDialogue.Outdoor_0}}",
	"Outdoor_1": "{{i18n:Jio.MarriageDialogue.Outdoor_1}}",
	"Outdoor_2": "{{i18n:Jio.MarriageDialogue.Outdoor_2}}",
	"Outdoor_3": "{{i18n:Jio.MarriageDialogue.Outdoor_3}}",
	"Outdoor_4": "{{i18n:Jio.MarriageDialogue.Outdoor_4}}",

//Leaving
	"funLeave_Jio": "{{i18n:Jio.MarriageDialogue.funLeave_Jio}}",

//Returning
	"funReturn_Jio": "{{i18n:Jio.MarriageDialogue.funReturn_Jio}}",

//One kid
	"OneKid_0": "{{i18n:Jio.MarriageDialogue.OneKid_0}}",
	"OneKid_1": "{{i18n:Jio.MarriageDialogue.OneKid_1}}",
	"OneKid_2": "{{i18n:Jio.MarriageDialogue.OneKid_2}}",
	"OneKid_3": "{{i18n:Jio.MarriageDialogue.OneKid_3}}",

//Two kids
	"TwoKids_0": "{{i18n:Jio.MarriageDialogue.TwoKids_0}}",
	"TwoKids_1": "{{i18n:Jio.MarriageDialogue.TwoKids_1}}",
	"TwoKids_2": "{{i18n:Jio.MarriageDialogue.TwoKids_2}}",
	"TwoKids_3": "{{i18n:Jio.MarriageDialogue.TwoKids_3}}",

//Relationship-dependent
///Good
	"Good_0": "{{i18n:Jio.MarriageDialogue.Good_0}}",
	"Good_1": "{{i18n:Jio.MarriageDialogue.Good_1}}",
	"Good_2": "{{i18n:Jio.MarriageDialogue.Good_2}}",
	"Good_3": "{{i18n:Jio.MarriageDialogue.Good_3}}",
	"Good_4": "{{i18n:Jio.MarriageDialogue.Good_4}}",
	"Good_5": "{{i18n:Jio.MarriageDialogue.Good_5}}",
	"Good_6": "{{i18n:Jio.MarriageDialogue.Good_6}}",
	"Good_7": "{{i18n:Jio.MarriageDialogue.Good_7}}",
	"Good_8": "{{i18n:Jio.MarriageDialogue.Good_8}}",
	"Good_9": "{{i18n:Jio.MarriageDialogue.Good_9}}",

///Neutral
	"Neutral_0": "{{i18n:Jio.MarriageDialogue.Neutral_0}}",
	"Neutral_1": "{{i18n:Jio.MarriageDialogue.Neutral_1}}",
	"Neutral_2": "{{i18n:Jio.MarriageDialogue.Neutral_2}}",
	"Neutral_3": "{{i18n:Jio.MarriageDialogue.Neutral_3}}",
	"Neutral_4": "{{i18n:Jio.MarriageDialogue.Neutral_4}}",
	"Neutral_5": "{{i18n:Jio.MarriageDialogue.Neutral_5}}",
	"Neutral_6": "{{i18n:Jio.MarriageDialogue.Neutral_6}}",
	"Neutral_7": "{{i18n:Jio.MarriageDialogue.Neutral_7}}",
	"Neutral_8": "{{i18n:Jio.MarriageDialogue.Neutral_8}}",
	"Neutral_9": "{{i18n:Jio.MarriageDialogue.Neutral_9}}",

///Bad
	"Bad_0": "{{i18n:Jio.MarriageDialogue.Bad_0}}",
	"Bad_1": "{{i18n:Jio.MarriageDialogue.Bad_1}}",
	"Bad_2": "{{i18n:Jio.MarriageDialogue.Bad_2}}",
	"Bad_3": "{{i18n:Jio.MarriageDialogue.Bad_3}}",
	"Bad_4": "{{i18n:Jio.MarriageDialogue.Bad_4}}",
	"Bad_5": "{{i18n:Jio.MarriageDialogue.Bad_5}}",
	"Bad_6": "{{i18n:Jio.MarriageDialogue.Bad_6}}",
	"Bad_7": "{{i18n:Jio.MarriageDialogue.Bad_7}}",
	"Bad_8": "{{i18n:Jio.MarriageDialogue.Bad_8}}",
	"Bad_9": "{{i18n:Jio.MarriageDialogue.Bad_9}}",
			},
		},
	]
}